timestamp_recorded,timestamp_sensor,stream_name,message_index,point_count,payload_size,device_id
0.0,0.0,encoder,0,0,88,Scanner A
0.0,0.0,imu,0,0,118,Scanner A
0.0,0.0,lidar,0,98632,1890557,Scanner A
0.0,0.0,motor,0,0,99,Scanner A
0.01,0.0,imu,1,0,145,Scanner A
0.02,0.0,imu,2,0,131,Scanner A
0.03,0.01,imu,3,0,126,Scanner A
0.04,0.02,imu,4,0,133,Scanner A
0.05,0.03,encoder,1,0,147,Scanner A
0.05,0.03,imu,5,0,129,Scanner A
0.05,0.03,motor,1,0,59,Scanner A
0.06,0.04,imu,6,0,49,Scanner A
0.07,0.05,imu,7,0,118,Scanner A
0.08,0.06,imu,8,0,97,Scanner A
0.09,0.07,imu,9,0,69,Scanner A
0.1,0.08,encoder,2,0,55,Scanner A
0.1,0.08,imu,10,0,147,Scanner A
0.1,0.08,lidar,1,101746,1875756,Scanner A
0.1,0.08,motor,2,0,153,Scanner A
0.11,0.09,imu,11,0,96,Scanner A
0.12,0.1,imu,12,0,105,Scanner A
0.13,0.11,imu,13,0,112,Scanner A
0.14,0.12,imu,14,0,153,Scanner A
0.15,0.13,encoder,3,0,102,Scanner A
0.15,0.13,imu,15,0,114,Scanner A
0.15,0.13,motor,3,0,50,Scanner A
0.16,0.14,imu,16,0,126,Scanner A
0.17,0.15,imu,17,0,104,Scanner A
0.18,0.16,imu,18,0,83,Scanner A
0.19,0.17,imu,19,0,160,Scanner A
0.2,0.18,encoder,4,0,158,Scanner A
0.2,0.18,imu,20,0,64,Scanner A
0.2,0.18,lidar,2,99230,1896757,Scanner A
0.2,0.18,motor,4,0,52,Scanner A
0.21,0.19,imu,21,0,56,Scanner A
0.22,0.2,imu,22,0,153,Scanner A
0.23,0.21,imu,23,0,54,Scanner A
0.24,0.22,imu,24,0,50,Scanner A
0.25,0.23,encoder,5,0,56,Scanner A
0.25,0.23,imu,25,0,114,Scanner A
0.25,0.23,motor,5,0,158,Scanner A
0.26,0.24,imu,26,0,134,Scanner A
0.27,0.25,imu,27,0,90,Scanner A
0.28,0.26,imu,28,0,112,Scanner A
0.29,0.27,imu,29,0,129,Scanner A
0.3,0.28,encoder,6,0,141,Scanner A
0.3,0.28,imu,30,0,75,Scanner A
0.3,0.28,lidar,3,98246,1772624,Scanner A
0.3,0.28,motor,6,0,109,Scanner A
0.31,0.29,imu,31,0,132,Scanner A
0.32,0.3,imu,32,0,82,Scanner A
0.33,0.31,imu,33,0,56,Scanner A
0.34,0.32,imu,34,0,70,Scanner A
0.35,0.33,encoder,7,0,158,Scanner A
0.35,0.33,imu,35,0,97,Scanner A
0.35,0.33,motor,7,0,139,Scanner A
0.36,0.34,imu,36,0,101,Scanner A
0.37,0.35,imu,37,0,62,Scanner A
0.38,0.36,imu,38,0,71,Scanner A
0.39,0.37,imu,39,0,80,Scanner A
0.4,0.38,encoder,8,0,139,Scanner A
0.4,0.38,imu,40,0,104,Scanner A
0.4,0.38,lidar,4,98324,1804049,Scanner A
0.4,0.38,motor,8,0,143,Scanner A
0.41,0.39,imu,41,0,141,Scanner A
0.42,0.4,imu,42,0,149,Scanner A
0.43,0.41,imu,43,0,79,Scanner A
0.44,0.42,imu,44,0,90,Scanner A
0.45,0.43,encoder,9,0,148,Scanner A
0.45,0.43,imu,45,0,96,Scanner A
0.45,0.43,motor,9,0,56,Scanner A
0.46,0.44,imu,46,0,149,Scanner A
0.47,0.45,imu,47,0,99,Scanner A
0.48,0.46,imu,48,0,68,Scanner A
0.49,0.47,imu,49,0,98,Scanner A
0.5,0.48,encoder,10,0,70,Scanner A
0.5,0.48,imu,50,0,64,Scanner A
0.5,0.48,lidar,5,101709,1895696,Scanner A
0.5,0.48,motor,10,0,58,Scanner A
0.51,0.49,imu,51,0,61,Scanner A
0.52,0.5,imu,52,0,56,Scanner A
0.53,0.51,imu,53,0,70,Scanner A
0.54,0.52,imu,54,0,90,Scanner A
0.55,0.53,encoder,11,0,116,Scanner A
0.55,0.53,imu,55,0,105,Scanner A
0.55,0.53,motor,11,0,61,Scanner A
0.56,0.54,imu,56,0,134,Scanner A
0.57,0.55,imu,57,0,90,Scanner A
0.58,0.56,imu,58,0,144,Scanner A
0.59,0.57,imu,59,0,58,Scanner A
0.6,0.58,encoder,12,0,113,Scanner A
0.6,0.58,imu,60,0,133,Scanner A
0.6,0.58,lidar,6,99893,1763414,Scanner A
0.6,0.58,motor,12,0,48,Scanner A
0.61,0.59,imu,61,0,120,Scanner A
0.62,0.6,imu,62,0,73,Scanner A
0.63,0.61,imu,63,0,129,Scanner A
0.64,0.62,imu,64,0,114,Scanner A
0.65,0.63,encoder,13,0,55,Scanner A
0.65,0.63,imu,65,0,63,Scanner A
0.65,0.63,motor,13,0,110,Scanner A
0.66,0.64,imu,66,0,77,Scanner A
0.67,0.65,imu,67,0,120,Scanner A
0.68,0.66,imu,68,0,117,Scanner A
0.69,0.67,imu,69,0,60,Scanner A
0.7,0.68,encoder,14,0,90,Scanner A
0.7,0.68,imu,70,0,147,Scanner A
0.7,0.68,lidar,7,99587,1887615,Scanner A
0.7,0.68,motor,14,0,131,Scanner A
0.71,0.69,imu,71,0,109,Scanner A
0.72,0.7,imu,72,0,75,Scanner A
0.73,0.71,imu,73,0,137,Scanner A
0.74,0.72,imu,74,0,58,Scanner A
0.75,0.73,encoder,15,0,108,Scanner A
0.75,0.73,imu,75,0,130,Scanner A
0.75,0.73,motor,15,0,101,Scanner A
0.76,0.74,imu,76,0,148,Scanner A
0.77,0.75,imu,77,0,85,Scanner A
0.78,0.76,imu,78,0,155,Scanner A
0.79,0.77,imu,79,0,153,Scanner A
0.8,0.78,encoder,16,0,59,Scanner A
0.8,0.78,imu,80,0,131,Scanner A
0.8,0.78,lidar,8,99375,1852397,Scanner A
0.8,0.78,motor,16,0,124,Scanner A
0.81,0.79,imu,81,0,122,Scanner A
0.82,0.8,imu,82,0,91,Scanner A
0.83,0.81,imu,83,0,49,Scanner A
0.84,0.82,imu,84,0,132,Scanner A
0.85,0.83,encoder,17,0,49,Scanner A
0.85,0.83,imu,85,0,91,Scanner A
0.85,0.83,motor,17,0,48,Scanner A
0.86,0.84,imu,86,0,125,Scanner A
0.87,0.85,imu,87,0,81,Scanner A
0.88,0.86,imu,88,0,72,Scanner A
0.89,0.87,imu,89,0,71,Scanner A
0.9,0.88,encoder,18,0,66,Scanner A
0.9,0.88,imu,90,0,77,Scanner A
0.9,0.88,lidar,9,100809,1773436,Scanner A
0.9,0.88,motor,18,0,118,Scanner A
0.91,0.89,imu,91,0,125,Scanner A
0.92,0.9,imu,92,0,159,Scanner A
0.93,0.91,imu,93,0,63,Scanner A
0.94,0.92,imu,94,0,82,Scanner A
0.95,0.93,encoder,19,0,71,Scanner A
0.95,0.93,imu,95,0,56,Scanner A
0.95,0.93,motor,19,0,106,Scanner A
0.96,0.94,imu,96,0,153,Scanner A
0.97,0.95,imu,97,0,64,Scanner A
0.98,0.96,imu,98,0,158,Scanner A
0.99,0.97,imu,99,0,137,Scanner A
1.0,0.98,encoder,20,0,120,Scanner A
1.0,0.98,imu,100,0,69,Scanner A
1.0,0.98,lidar,10,101816,1771196,Scanner A
1.0,0.98,motor,20,0,135,Scanner A
1.01,0.99,imu,101,0,160,Scanner A
1.02,1.0,imu,102,0,134,Scanner A
1.03,1.01,imu,103,0,122,Scanner A
1.04,1.02,imu,104,0,101,Scanner A
1.05,1.03,encoder,21,0,89,Scanner A
1.05,1.03,imu,105,0,124,Scanner A
1.05,1.03,motor,21,0,54,Scanner A
1.06,1.04,imu,106,0,137,Scanner A
1.07,1.05,imu,107,0,148,Scanner A
1.08,1.06,imu,108,0,89,Scanner A
1.09,1.07,imu,109,0,122,Scanner A
1.1,1.08,encoder,22,0,72,Scanner A
1.1,1.08,imu,110,0,90,Scanner A
1.1,1.08,lidar,11,101368,1836306,Scanner A
1.1,1.08,motor,22,0,151,Scanner A
1.11,1.09,imu,111,0,61,Scanner A
1.12,1.1,imu,112,0,78,Scanner A
1.13,1.11,imu,113,0,52,Scanner A
1.14,1.12,imu,114,0,75,Scanner A
1.15,1.13,encoder,23,0,156,Scanner A
1.15,1.13,imu,115,0,55,Scanner A
1.15,1.13,motor,23,0,51,Scanner A
1.16,1.14,imu,116,0,124,Scanner A
1.17,1.15,imu,117,0,79,Scanner A
1.18,1.16,imu,118,0,97,Scanner A
1.19,1.17,imu,119,0,128,Scanner A
1.2,1.18,encoder,24,0,123,Scanner A
1.2,1.18,imu,120,0,134,Scanner A
1.2,1.18,lidar,12,101726,1837394,Scanner A
1.2,1.18,motor,24,0,99,Scanner A
1.21,1.19,imu,121,0,110,Scanner A
1.22,1.2,imu,122,0,129,Scanner A
1.23,1.21,imu,123,0,152,Scanner A
1.24,1.22,imu,124,0,71,Scanner A
1.25,1.23,encoder,25,0,108,Scanner A
1.25,1.23,imu,125,0,61,Scanner A
1.25,1.23,motor,25,0,125,Scanner A
1.26,1.24,imu,126,0,85,Scanner A
1.27,1.25,imu,127,0,73,Scanner A
1.28,1.26,imu,128,0,84,Scanner A
1.29,1.27,imu,129,0,115,Scanner A
1.3,1.28,encoder,26,0,52,Scanner A
1.3,1.28,imu,130,0,83,Scanner A
1.3,1.28,lidar,13,101614,1818039,Scanner A
1.3,1.28,motor,26,0,95,Scanner A
1.31,1.29,imu,131,0,111,Scanner A
1.32,1.3,imu,132,0,160,Scanner A
1.33,1.31,imu,133,0,65,Scanner A
1.34,1.32,imu,134,0,113,Scanner A
1.35,1.33,encoder,27,0,145,Scanner A
1.35,1.33,imu,135,0,94,Scanner A
1.35,1.33,motor,27,0,70,Scanner A
1.36,1.34,imu,136,0,160,Scanner A
1.37,1.35,imu,137,0,59,Scanner A
1.38,1.36,imu,138,0,136,Scanner A
1.39,1.37,imu,139,0,76,Scanner A
1.4,1.38,encoder,28,0,147,Scanner A
1.4,1.38,imu,140,0,116,Scanner A
1.4,1.38,lidar,14,99868,1873488,Scanner A
1.4,1.38,motor,28,0,69,Scanner A
1.41,1.39,imu,141,0,108,Scanner A
1.42,1.4,imu,142,0,100,Scanner A
1.43,1.41,imu,143,0,106,Scanner A
1.44,1.42,imu,144,0,85,Scanner A
1.45,1.43,encoder,29,0,156,Scanner A
1.45,1.43,imu,145,0,51,Scanner A
1.45,1.43,motor,29,0,140,Scanner A
1.46,1.44,imu,146,0,97,Scanner A
1.47,1.45,imu,147,0,108,Scanner A
1.48,1.46,imu,148,0,85,Scanner A
1.49,1.47,imu,149,0,151,Scanner A
1.5,1.48,encoder,30,0,141,Scanner A
1.5,1.48,imu,150,0,53,Scanner A
1.5,1.48,lidar,15,101332,1805202,Scanner A
1.5,1.48,motor,30,0,62,Scanner A
1.51,1.49,imu,151,0,131,Scanner A
1.52,1.5,imu,152,0,72,Scanner A
1.53,1.51,imu,153,0,110,Scanner A
1.54,1.52,imu,154,0,110,Scanner A
1.55,1.53,encoder,31,0,87,Scanner A
1.55,1.53,imu,155,0,109,Scanner A
1.55,1.53,motor,31,0,92,Scanner A
1.56,1.54,imu,156,0,102,Scanner A
1.57,1.55,imu,157,0,86,Scanner A
1.58,1.56,imu,158,0,78,Scanner A
1.59,1.57,imu,159,0,115,Scanner A
1.6,1.58,encoder,32,0,58,Scanner A
1.6,1.58,imu,160,0,146,Scanner A
1.6,1.58,lidar,16,100783,1856621,Scanner A
1.6,1.58,motor,32,0,64,Scanner A
1.61,1.59,imu,161,0,90,Scanner A
1.62,1.6,imu,162,0,70,Scanner A
1.63,1.61,imu,163,0,49,Scanner A
1.64,1.62,imu,164,0,65,Scanner A
1.65,1.63,encoder,33,0,59,Scanner A
1.65,1.63,imu,165,0,114,Scanner A
1.65,1.63,motor,33,0,107,Scanner A
1.66,1.64,imu,166,0,123,Scanner A
1.67,1.65,imu,167,0,108,Scanner A
1.68,1.66,imu,168,0,137,Scanner A
1.69,1.67,imu,169,0,142,Scanner A
1.7,1.68,encoder,34,0,82,Scanner A
1.7,1.68,imu,170,0,58,Scanner A
1.7,1.68,lidar,17,99228,1793008,Scanner A
1.7,1.68,motor,34,0,114,Scanner A
1.71,1.69,imu,171,0,48,Scanner A
1.72,1.7,imu,172,0,111,Scanner A
1.73,1.71,imu,173,0,53,Scanner A
1.74,1.72,imu,174,0,159,Scanner A
1.75,1.73,encoder,35,0,100,Scanner A
1.75,1.73,imu,175,0,114,Scanner A
1.75,1.73,motor,35,0,77,Scanner A
1.76,1.74,imu,176,0,131,Scanner A
1.77,1.75,imu,177,0,88,Scanner A
1.78,1.76,imu,178,0,52,Scanner A
1.79,1.77,imu,179,0,50,Scanner A
1.8,1.78,encoder,36,0,88,Scanner A
1.8,1.78,imu,180,0,117,Scanner A
1.8,1.78,lidar,18,98551,1809915,Scanner A
1.8,1.78,motor,36,0,80,Scanner A
1.81,1.79,imu,181,0,83,Scanner A
1.82,1.8,imu,182,0,147,Scanner A
1.83,1.81,imu,183,0,128,Scanner A
1.84,1.82,imu,184,0,109,Scanner A
1.85,1.83,encoder,37,0,84,Scanner A
1.85,1.83,imu,185,0,130,Scanner A
1.85,1.83,motor,37,0,122,Scanner A
1.86,1.84,imu,186,0,122,Scanner A
1.87,1.85,imu,187,0,124,Scanner A
1.88,1.86,imu,188,0,69,Scanner A
1.89,1.87,imu,189,0,88,Scanner A
1.9,1.88,encoder,38,0,143,Scanner A
1.9,1.88,imu,190,0,84,Scanner A
1.9,1.88,lidar,19,100761,1817592,Scanner A
1.9,1.88,motor,38,0,74,Scanner A
1.91,1.89,imu,191,0,150,Scanner A
1.92,1.9,imu,192,0,155,Scanner A
1.93,1.91,imu,193,0,148,Scanner A
1.94,1.92,imu,194,0,141,Scanner A
1.95,1.93,encoder,39,0,71,Scanner A
1.95,1.93,imu,195,0,156,Scanner A
1.95,1.93,motor,39,0,143,Scanner A
1.96,1.94,imu,196,0,138,Scanner A
1.97,1.95,imu,197,0,101,Scanner A
1.98,1.96,imu,198,0,102,Scanner A
1.99,1.97,imu,199,0,60,Scanner A
2.0,1.98,encoder,40,0,156,Scanner A
2.0,1.98,imu,200,0,80,Scanner A
2.0,1.98,lidar,20,101898,1862609,Scanner A
2.0,1.98,motor,40,0,128,Scanner A
2.01,1.99,imu,201,0,147,Scanner A
2.02,2.0,imu,202,0,67,Scanner A
2.03,2.01,imu,203,0,81,Scanner A
2.04,2.02,imu,204,0,93,Scanner A
2.05,2.03,encoder,41,0,96,Scanner A
2.05,2.03,imu,205,0,53,Scanner A
2.05,2.03,motor,41,0,97,Scanner A
2.06,2.04,imu,206,0,117,Scanner A
2.07,2.05,imu,207,0,148,Scanner A
2.08,2.06,imu,208,0,96,Scanner A
2.09,2.07,imu,209,0,144,Scanner A
2.1,2.08,encoder,42,0,64,Scanner A
2.1,2.08,imu,210,0,153,Scanner A
2.1,2.08,lidar,21,98093,1801672,Scanner A
2.1,2.08,motor,42,0,93,Scanner A
2.11,2.09,imu,211,0,128,Scanner A
2.12,2.1,imu,212,0,127,Scanner A
2.13,2.11,imu,213,0,150,Scanner A
2.14,2.12,imu,214,0,141,Scanner A
2.15,2.13,encoder,43,0,85,Scanner A
2.15,2.13,imu,215,0,116,Scanner A
2.15,2.13,motor,43,0,145,Scanner A
2.16,2.14,imu,216,0,151,Scanner A
2.17,2.15,imu,217,0,78,Scanner A
2.18,2.16,imu,218,0,130,Scanner A
2.19,2.17,imu,219,0,134,Scanner A
2.2,2.18,encoder,44,0,153,Scanner A
2.2,2.18,imu,220,0,138,Scanner A
2.2,2.18,lidar,22,100370,1819015,Scanner A
2.2,2.18,motor,44,0,79,Scanner A
2.21,2.19,imu,221,0,122,Scanner A
2.22,2.2,imu,222,0,82,Scanner A
2.23,2.21,imu,223,0,84,Scanner A
2.24,2.22,imu,224,0,159,Scanner A
2.25,2.23,encoder,45,0,98,Scanner A
2.25,2.23,imu,225,0,131,Scanner A
2.25,2.23,motor,45,0,137,Scanner A
2.26,2.24,imu,226,0,118,Scanner A
2.27,2.25,imu,227,0,62,Scanner A
2.28,2.26,imu,228,0,96,Scanner A
2.29,2.27,imu,229,0,98,Scanner A
2.3,2.28,encoder,46,0,154,Scanner A
2.3,2.28,imu,230,0,138,Scanner A
2.3,2.28,lidar,23,99146,1812143,Scanner A
2.3,2.28,motor,46,0,77,Scanner A
2.31,2.29,imu,231,0,67,Scanner A
2.32,2.3,imu,232,0,64,Scanner A
2.33,2.31,imu,233,0,148,Scanner A
2.34,2.32,imu,234,0,155,Scanner A
2.35,2.33,encoder,47,0,103,Scanner A
2.35,2.33,imu,235,0,97,Scanner A
2.35,2.33,motor,47,0,150,Scanner A
2.36,2.34,imu,236,0,71,Scanner A
2.37,2.35,imu,237,0,108,Scanner A
2.38,2.36,imu,238,0,75,Scanner A
2.39,2.37,imu,239,0,118,Scanner A
2.4,2.38,encoder,48,0,57,Scanner A
2.4,2.38,imu,240,0,133,Scanner A
2.4,2.38,lidar,24,98409,1882960,Scanner A
2.4,2.38,motor,48,0,128,Scanner A
2.41,2.39,imu,241,0,73,Scanner A
2.42,2.4,imu,242,0,56,Scanner A
2.43,2.41,imu,243,0,127,Scanner A
2.44,2.42,imu,244,0,64,Scanner A
2.45,2.43,encoder,49,0,107,Scanner A
2.45,2.43,imu,245,0,109,Scanner A
2.45,2.43,motor,49,0,144,Scanner A
2.46,2.44,imu,246,0,155,Scanner A
2.47,2.45,imu,247,0,67,Scanner A
2.48,2.46,imu,248,0,137,Scanner A
2.49,2.47,imu,249,0,149,Scanner A
2.5,2.48,encoder,50,0,145,Scanner A
2.5,2.48,imu,250,0,61,Scanner A
2.5,2.48,lidar,25,99205,1890954,Scanner A
2.5,2.48,motor,50,0,62,Scanner A
2.51,2.49,imu,251,0,145,Scanner A
2.52,2.5,imu,252,0,89,Scanner A
2.53,2.51,imu,253,0,113,Scanner A
2.54,2.52,imu,254,0,75,Scanner A
2.55,2.53,encoder,51,0,104,Scanner A
2.55,2.53,imu,255,0,72,Scanner A
2.55,2.53,motor,51,0,76,Scanner A
2.56,2.54,imu,256,0,95,Scanner A
2.57,2.55,imu,257,0,145,Scanner A
2.58,2.56,imu,258,0,87,Scanner A
2.59,2.57,imu,259,0,55,Scanner A
2.6,2.58,encoder,52,0,60,Scanner A
2.6,2.58,imu,260,0,121,Scanner A
2.6,2.58,lidar,26,98896,1805875,Scanner A
2.6,2.58,motor,52,0,67,Scanner A
2.61,2.59,imu,261,0,61,Scanner A
2.62,2.6,imu,262,0,98,Scanner A
2.63,2.61,imu,263,0,150,Scanner A
2.64,2.62,imu,264,0,146,Scanner A
2.65,2.63,encoder,53,0,140,Scanner A
2.65,2.63,imu,265,0,107,Scanner A
2.65,2.63,motor,53,0,88,Scanner A
2.66,2.64,imu,266,0,120,Scanner A
2.67,2.65,imu,267,0,61,Scanner A
2.68,2.66,imu,268,0,101,Scanner A
2.69,2.67,imu,269,0,95,Scanner A
2.7,2.68,encoder,54,0,133,Scanner A
2.7,2.68,imu,270,0,106,Scanner A
2.7,2.68,lidar,27,99928,1817147,Scanner A
2.7,2.68,motor,54,0,104,Scanner A
2.71,2.69,imu,271,0,120,Scanner A
2.72,2.7,imu,272,0,85,Scanner A
2.73,2.71,imu,273,0,70,Scanner A
2.74,2.72,imu,274,0,105,Scanner A
2.75,2.73,encoder,55,0,70,Scanner A
2.75,2.73,imu,275,0,107,Scanner A
2.75,2.73,motor,55,0,142,Scanner A
2.76,2.74,imu,276,0,122,Scanner A
2.77,2.75,imu,277,0,102,Scanner A
2.78,2.76,imu,278,0,52,Scanner A
2.79,2.77,imu,279,0,108,Scanner A
2.8,2.78,encoder,56,0,82,Scanner A
2.8,2.78,imu,280,0,121,Scanner A
2.8,2.78,lidar,28,100101,1819137,Scanner A
2.8,2.78,motor,56,0,145,Scanner A
2.81,2.79,imu,281,0,122,Scanner A
2.82,2.8,imu,282,0,93,Scanner A
2.83,2.81,imu,283,0,52,Scanner A
2.84,2.82,imu,284,0,87,Scanner A
2.85,2.83,encoder,57,0,98,Scanner A
2.85,2.83,imu,285,0,72,Scanner A
2.85,2.83,motor,57,0,108,Scanner A
2.86,2.84,imu,286,0,60,Scanner A
2.87,2.85,imu,287,0,125,Scanner A
2.88,2.86,imu,288,0,151,Scanner A
2.89,2.87,imu,289,0,107,Scanner A
2.9,2.88,encoder,58,0,136,Scanner A
2.9,2.88,imu,290,0,76,Scanner A
2.9,2.88,lidar,29,100453,1889401,Scanner A
2.9,2.88,motor,58,0,59,Scanner A
2.91,2.89,imu,291,0,79,Scanner A
2.92,2.9,imu,292,0,145,Scanner A
2.93,2.91,imu,293,0,151,Scanner A
2.94,2.92,imu,294,0,60,Scanner A
2.95,2.93,encoder,59,0,119,Scanner A
2.95,2.93,imu,295,0,111,Scanner A
2.95,2.93,motor,59,0,152,Scanner A
2.96,2.94,imu,296,0,95,Scanner A
2.97,2.95,imu,297,0,118,Scanner A
2.98,2.96,imu,298,0,148,Scanner A
2.99,2.97,imu,299,0,152,Scanner A
3.0,2.98,encoder,60,0,49,Scanner A
3.0,2.98,imu,300,0,64,Scanner A
3.0,2.98,lidar,30,100890,1773828,Scanner A
3.0,2.98,motor,60,0,116,Scanner A
3.01,2.99,imu,301,0,74,Scanner A
3.02,3.0,imu,302,0,135,Scanner A
3.03,3.01,imu,303,0,124,Scanner A
3.04,3.02,imu,304,0,146,Scanner A
3.05,3.03,encoder,61,0,143,Scanner A
3.05,3.03,imu,305,0,110,Scanner A
3.05,3.03,motor,61,0,105,Scanner A
3.06,3.04,imu,306,0,116,Scanner A
3.07,3.05,imu,307,0,152,Scanner A
3.08,3.06,imu,308,0,125,Scanner A
3.09,3.07,imu,309,0,100,Scanner A
3.1,3.08,encoder,62,0,156,Scanner A
3.1,3.08,imu,310,0,99,Scanner A
3.1,3.08,lidar,31,100483,1772780,Scanner A
3.1,3.08,motor,62,0,87,Scanner A
3.11,3.09,imu,311,0,100,Scanner A
3.12,3.1,imu,312,0,82,Scanner A
3.13,3.11,imu,313,0,128,Scanner A
3.14,3.12,imu,314,0,155,Scanner A
3.15,3.13,encoder,63,0,149,Scanner A
3.15,3.13,imu,315,0,101,Scanner A
3.15,3.13,motor,63,0,55,Scanner A
3.16,3.14,imu,316,0,93,Scanner A
3.17,3.15,imu,317,0,81,Scanner A
3.18,3.16,imu,318,0,86,Scanner A
3.19,3.17,imu,319,0,114,Scanner A
3.2,3.18,encoder,64,0,156,Scanner A
3.2,3.18,imu,320,0,63,Scanner A
3.2,3.18,lidar,32,101631,1765721,Scanner A
3.2,3.18,motor,64,0,65,Scanner A
3.21,3.19,imu,321,0,97,Scanner A
3.22,3.2,imu,322,0,75,Scanner A
3.23,3.21,imu,323,0,151,Scanner A
3.24,3.22,imu,324,0,141,Scanner A
3.25,3.23,encoder,65,0,136,Scanner A
3.25,3.23,imu,325,0,95,Scanner A
3.25,3.23,motor,65,0,94,Scanner A
3.26,3.24,imu,326,0,65,Scanner A
3.27,3.25,imu,327,0,67,Scanner A
3.28,3.26,imu,328,0,116,Scanner A
3.29,3.27,imu,329,0,142,Scanner A
3.3,3.28,encoder,66,0,51,Scanner A
3.3,3.28,imu,330,0,75,Scanner A
3.3,3.28,lidar,33,101397,1819888,Scanner A
3.3,3.28,motor,66,0,138,Scanner A
3.31,3.29,imu,331,0,149,Scanner A
3.32,3.3,imu,332,0,149,Scanner A
3.33,3.31,imu,333,0,159,Scanner A
3.34,3.32,imu,334,0,83,Scanner A
3.35,3.33,encoder,67,0,127,Scanner A
3.35,3.33,imu,335,0,114,Scanner A
3.35,3.33,motor,67,0,110,Scanner A
3.36,3.34,imu,336,0,97,Scanner A
3.37,3.35,imu,337,0,150,Scanner A
3.38,3.36,imu,338,0,57,Scanner A
3.39,3.37,imu,339,0,119,Scanner A
3.4,3.38,encoder,68,0,73,Scanner A
3.4,3.38,imu,340,0,126,Scanner A
3.4,3.38,lidar,34,99673,1819069,Scanner A
3.4,3.38,motor,68,0,67,Scanner A
3.41,3.39,imu,341,0,114,Scanner A
3.42,3.4,imu,342,0,120,Scanner A
3.43,3.41,imu,343,0,97,Scanner A
3.44,3.42,imu,344,0,77,Scanner A
3.45,3.43,encoder,69,0,88,Scanner A
3.45,3.43,imu,345,0,123,Scanner A
3.45,3.43,motor,69,0,84,Scanner A
3.46,3.44,imu,346,0,114,Scanner A
3.47,3.45,imu,347,0,130,Scanner A
3.48,3.46,imu,348,0,124,Scanner A
3.49,3.47,imu,349,0,85,Scanner A
3.5,3.48,encoder,70,0,85,Scanner A
3.5,3.48,imu,350,0,121,Scanner A
3.5,3.48,lidar,35,98358,1888343,Scanner A
3.5,3.48,motor,70,0,102,Scanner A
3.51,3.49,imu,351,0,152,Scanner A
3.52,3.5,imu,352,0,89,Scanner A
3.53,3.51,imu,353,0,132,Scanner A
3.54,3.52,imu,354,0,99,Scanner A
3.55,3.53,encoder,71,0,70,Scanner A
3.55,3.53,imu,355,0,80,Scanner A
3.55,3.53,motor,71,0,54,Scanner A
3.56,3.54,imu,356,0,81,Scanner A
3.57,3.55,imu,357,0,82,Scanner A
3.58,3.56,imu,358,0,123,Scanner A
3.59,3.57,imu,359,0,133,Scanner A
3.6,3.58,encoder,72,0,90,Scanner A
3.6,3.58,imu,360,0,123,Scanner A
3.6,3.58,lidar,36,99936,1858848,Scanner A
3.6,3.58,motor,72,0,109,Scanner A
3.61,3.59,imu,361,0,153,Scanner A
3.62,3.6,imu,362,0,125,Scanner A
3.63,3.61,imu,363,0,60,Scanner A
3.64,3.62,imu,364,0,84,Scanner A
3.65,3.63,encoder,73,0,117,Scanner A
3.65,3.63,imu,365,0,146,Scanner A
3.65,3.63,motor,73,0,79,Scanner A
3.66,3.64,imu,366,0,97,Scanner A
3.67,3.65,imu,367,0,143,Scanner A
3.68,3.66,imu,368,0,109,Scanner A
3.69,3.67,imu,369,0,52,Scanner A
3.7,3.68,encoder,74,0,157,Scanner A
3.7,3.68,imu,370,0,127,Scanner A
3.7,3.68,lidar,37,99321,1848154,Scanner A
3.7,3.68,motor,74,0,103,Scanner A
3.71,3.69,imu,371,0,101,Scanner A
3.72,3.7,imu,372,0,76,Scanner A
3.73,3.71,imu,373,0,158,Scanner A
3.74,3.72,imu,374,0,98,Scanner A
3.75,3.73,encoder,75,0,63,Scanner A
3.75,3.73,imu,375,0,91,Scanner A
3.75,3.73,motor,75,0,69,Scanner A
3.76,3.74,imu,376,0,97,Scanner A
3.77,3.75,imu,377,0,117,Scanner A
3.78,3.76,imu,378,0,67,Scanner A
3.79,3.77,imu,379,0,90,Scanner A
3.8,3.78,encoder,76,0,48,Scanner A
3.8,3.78,imu,380,0,131,Scanner A
3.8,3.78,lidar,38,101026,1836706,Scanner A
3.8,3.78,motor,76,0,114,Scanner A
3.81,3.79,imu,381,0,59,Scanner A
3.82,3.8,imu,382,0,93,Scanner A
3.83,3.81,imu,383,0,103,Scanner A
3.84,3.82,imu,384,0,84,Scanner A
3.85,3.83,encoder,77,0,153,Scanner A
3.85,3.83,imu,385,0,97,Scanner A
3.85,3.83,motor,77,0,154,Scanner A
3.86,3.84,imu,386,0,65,Scanner A
3.87,3.85,imu,387,0,144,Scanner A
3.88,3.86,imu,388,0,113,Scanner A
3.89,3.87,imu,389,0,78,Scanner A
3.9,3.88,encoder,78,0,60,Scanner A
3.9,3.88,imu,390,0,101,Scanner A
3.9,3.88,lidar,39,99694,1800442,Scanner A
3.9,3.88,motor,78,0,48,Scanner A
3.91,3.89,imu,391,0,136,Scanner A
3.92,3.9,imu,392,0,101,Scanner A
3.93,3.91,imu,393,0,134,Scanner A
3.94,3.92,imu,394,0,139,Scanner A
3.95,3.93,encoder,79,0,139,Scanner A
3.95,3.93,imu,395,0,50,Scanner A
3.95,3.93,motor,79,0,87,Scanner A
3.96,3.94,imu,396,0,158,Scanner A
3.97,3.95,imu,397,0,95,Scanner A
3.98,3.96,imu,398,0,55,Scanner A
3.99,3.97,imu,399,0,147,Scanner A
4.0,3.98,encoder,80,0,108,Scanner A
4.0,3.98,imu,400,0,70,Scanner A
4.0,3.98,lidar,40,99862,1797614,Scanner A
4.0,3.98,motor,80,0,153,Scanner A
4.01,3.99,imu,401,0,65,Scanner A
4.02,4.0,imu,402,0,152,Scanner A
4.03,4.01,imu,403,0,68,Scanner A
4.04,4.02,imu,404,0,96,Scanner A
4.05,4.03,encoder,81,0,150,Scanner A
4.05,4.03,imu,405,0,57,Scanner A
4.05,4.03,motor,81,0,80,Scanner A
4.06,4.04,imu,406,0,72,Scanner A
4.07,4.05,imu,407,0,127,Scanner A
4.08,4.06,imu,408,0,143,Scanner A
4.09,4.07,imu,409,0,155,Scanner A
4.1,4.08,encoder,82,0,50,Scanner A
4.1,4.08,imu,410,0,112,Scanner A
4.1,4.08,lidar,41,98487,1894874,Scanner A
4.1,4.08,motor,82,0,52,Scanner A
4.11,4.09,imu,411,0,76,Scanner A
4.12,4.1,imu,412,0,87,Scanner A
4.13,4.11,imu,413,0,88,Scanner A
4.14,4.12,imu,414,0,139,Scanner A
4.15,4.13,encoder,83,0,144,Scanner A
4.15,4.13,imu,415,0,85,Scanner A
4.15,4.13,motor,83,0,145,Scanner A
4.16,4.14,imu,416,0,157,Scanner A
4.17,4.15,imu,417,0,70,Scanner A
4.18,4.16,imu,418,0,133,Scanner A
4.19,4.17,imu,419,0,148,Scanner A
4.2,4.18,encoder,84,0,125,Scanner A
4.2,4.18,imu,420,0,151,Scanner A
4.2,4.18,lidar,42,99202,1873840,Scanner A
4.2,4.18,motor,84,0,67,Scanner A
4.21,4.19,imu,421,0,90,Scanner A
4.22,4.2,imu,422,0,64,Scanner A
4.23,4.21,imu,423,0,80,Scanner A
4.24,4.22,imu,424,0,55,Scanner A
4.25,4.23,encoder,85,0,149,Scanner A
4.25,4.23,imu,425,0,75,Scanner A
4.25,4.23,motor,85,0,138,Scanner A
4.26,4.24,imu,426,0,92,Scanner A
4.27,4.25,imu,427,0,50,Scanner A
4.28,4.26,imu,428,0,86,Scanner A
4.29,4.27,imu,429,0,93,Scanner A
4.3,4.28,encoder,86,0,158,Scanner A
4.3,4.28,imu,430,0,127,Scanner A
4.3,4.28,lidar,43,99127,1827004,Scanner A
4.3,4.28,motor,86,0,68,Scanner A
4.31,4.29,imu,431,0,56,Scanner A
4.32,4.3,imu,432,0,109,Scanner A
4.33,4.31,imu,433,0,95,Scanner A
4.34,4.32,imu,434,0,103,Scanner A
4.35,4.33,encoder,87,0,53,Scanner A
4.35,4.33,imu,435,0,92,Scanner A
4.35,4.33,motor,87,0,66,Scanner A
4.36,4.34,imu,436,0,101,Scanner A
4.37,4.35,imu,437,0,92,Scanner A
4.38,4.36,imu,438,0,84,Scanner A
4.39,4.37,imu,439,0,51,Scanner A
4.4,4.38,encoder,88,0,115,Scanner A
4.4,4.38,imu,440,0,131,Scanner A
4.4,4.38,lidar,44,100257,1801952,Scanner A
4.4,4.38,motor,88,0,75,Scanner A
4.41,4.39,imu,441,0,118,Scanner A
4.42,4.4,imu,442,0,83,Scanner A
4.43,4.41,imu,443,0,130,Scanner A
4.44,4.42,imu,444,0,130,Scanner A
4.45,4.43,encoder,89,0,74,Scanner A
4.45,4.43,imu,445,0,117,Scanner A
4.45,4.43,motor,89,0,78,Scanner A
4.46,4.44,imu,446,0,140,Scanner A
4.47,4.45,imu,447,0,88,Scanner A
4.48,4.46,imu,448,0,127,Scanner A
4.49,4.47,imu,449,0,159,Scanner A
4.5,4.48,encoder,90,0,141,Scanner A
4.5,4.48,imu,450,0,159,Scanner A
4.5,4.48,lidar,45,100007,1809593,Scanner A
4.5,4.48,motor,90,0,51,Scanner A
4.51,4.49,imu,451,0,125,Scanner A
4.52,4.5,imu,452,0,90,Scanner A
4.53,4.51,imu,453,0,89,Scanner A
4.54,4.52,imu,454,0,52,Scanner A
4.55,4.53,encoder,91,0,67,Scanner A
4.55,4.53,imu,455,0,88,Scanner A
4.55,4.53,motor,91,0,98,Scanner A
4.56,4.54,imu,456,0,120,Scanner A
4.57,4.55,imu,457,0,64,Scanner A
4.58,4.56,imu,458,0,152,Scanner A
4.59,4.57,imu,459,0,76,Scanner A
4.6,4.58,encoder,92,0,60,Scanner A
4.6,4.58,imu,460,0,74,Scanner A
4.6,4.58,lidar,46,98990,1873267,Scanner A
4.6,4.58,motor,92,0,132,Scanner A
4.61,4.59,imu,461,0,75,Scanner A
4.62,4.6,imu,462,0,160,Scanner A
4.63,4.61,imu,463,0,58,Scanner A
4.64,4.62,imu,464,0,128,Scanner A
4.65,4.63,encoder,93,0,142,Scanner A
4.65,4.63,imu,465,0,76,Scanner A
4.65,4.63,motor,93,0,132,Scanner A
4.66,4.64,imu,466,0,104,Scanner A
4.67,4.65,imu,467,0,103,Scanner A
4.68,4.66,imu,468,0,69,Scanner A
4.69,4.67,imu,469,0,87,Scanner A
4.7,4.68,encoder,94,0,154,Scanner A
4.7,4.68,imu,470,0,64,Scanner A
4.7,4.68,lidar,47,100116,1878784,Scanner A
4.7,4.68,motor,94,0,60,Scanner A
4.71,4.69,imu,471,0,159,Scanner A
4.72,4.7,imu,472,0,86,Scanner A
4.73,4.71,imu,473,0,104,Scanner A
4.74,4.72,imu,474,0,100,Scanner A
4.75,4.73,encoder,95,0,51,Scanner A
4.75,4.73,imu,475,0,61,Scanner A
4.75,4.73,motor,95,0,70,Scanner A
4.76,4.74,imu,476,0,80,Scanner A
4.77,4.75,imu,477,0,145,Scanner A
4.78,4.76,imu,478,0,83,Scanner A
4.79,4.77,imu,479,0,157,Scanner A
4.8,4.78,encoder,96,0,69,Scanner A
4.8,4.78,imu,480,0,74,Scanner A
4.8,4.78,lidar,48,98257,1851292,Scanner A
4.8,4.78,motor,96,0,79,Scanner A
4.81,4.79,imu,481,0,78,Scanner A
4.82,4.8,imu,482,0,67,Scanner A
4.83,4.81,imu,483,0,76,Scanner A
4.84,4.82,imu,484,0,104,Scanner A
4.85,4.83,encoder,97,0,152,Scanner A
4.85,4.83,imu,485,0,154,Scanner A
4.85,4.83,motor,97,0,76,Scanner A
4.86,4.84,imu,486,0,61,Scanner A
4.87,4.85,imu,487,0,153,Scanner A
4.88,4.86,imu,488,0,158,Scanner A
4.89,4.87,imu,489,0,153,Scanner A
4.9,4.88,encoder,98,0,82,Scanner A
4.9,4.88,imu,490,0,123,Scanner A
4.9,4.88,lidar,49,100012,1832100,Scanner A
4.9,4.88,motor,98,0,131,Scanner A
4.91,4.89,imu,491,0,63,Scanner A
4.92,4.9,imu,492,0,128,Scanner A
4.93,4.91,imu,493,0,102,Scanner A
4.94,4.92,imu,494,0,101,Scanner A
4.95,4.93,encoder,99,0,109,Scanner A
4.95,4.93,imu,495,0,95,Scanner A
4.95,4.93,motor,99,0,160,Scanner A
4.96,4.94,imu,496,0,117,Scanner A
4.97,4.95,imu,497,0,62,Scanner A
4.98,4.96,imu,498,0,53,Scanner A
4.99,4.97,imu,499,0,62,Scanner A
5.0,4.98,encoder,100,0,144,Scanner A
5.0,4.98,imu,500,0,113,Scanner A
5.0,4.98,lidar,50,100076,1855151,Scanner A
5.0,4.98,motor,100,0,155,Scanner A
5.01,4.99,imu,501,0,111,Scanner A
5.02,5.0,imu,502,0,85,Scanner A
5.03,5.01,imu,503,0,134,Scanner A
5.04,5.02,imu,504,0,99,Scanner A
5.05,5.03,encoder,101,0,50,Scanner A
5.05,5.03,imu,505,0,139,Scanner A
5.05,5.03,motor,101,0,88,Scanner A
5.06,5.04,imu,506,0,66,Scanner A
5.07,5.05,imu,507,0,128,Scanner A
5.08,5.06,imu,508,0,143,Scanner A
5.09,5.07,imu,509,0,93,Scanner A
5.1,5.08,encoder,102,0,78,Scanner A
5.1,5.08,imu,510,0,57,Scanner A
5.1,5.08,motor,102,0,120,Scanner A
5.11,5.09,imu,511,0,132,Scanner A
5.12,5.1,imu,512,0,84,Scanner A
5.13,5.11,imu,513,0,117,Scanner A
5.14,5.12,imu,514,0,48,Scanner A
5.15,5.13,encoder,103,0,55,Scanner A
5.15,5.13,imu,515,0,74,Scanner A
5.15,5.13,motor,103,0,150,Scanner A
5.16,5.14,imu,516,0,150,Scanner A
5.17,5.15,imu,517,0,150,Scanner A
5.18,5.16,imu,518,0,97,Scanner A
5.19,5.17,imu,519,0,65,Scanner A
5.2,5.18,encoder,104,0,114,Scanner A
5.2,5.18,imu,520,0,142,Scanner A
5.2,5.18,motor,104,0,113,Scanner A
5.21,5.19,imu,521,0,158,Scanner A
5.22,5.2,imu,522,0,65,Scanner A
5.23,5.21,imu,523,0,84,Scanner A
5.24,5.22,imu,524,0,88,Scanner A
5.25,5.23,encoder,105,0,86,Scanner A
5.25,5.23,imu,525,0,89,Scanner A
5.25,5.23,motor,105,0,51,Scanner A
5.26,5.24,imu,526,0,100,Scanner A
5.27,5.25,imu,527,0,144,Scanner A
5.28,5.26,imu,528,0,69,Scanner A
5.29,5.27,imu,529,0,103,Scanner A
5.3,5.28,encoder,106,0,94,Scanner A
5.3,5.28,imu,530,0,54,Scanner A
5.3,5.28,motor,106,0,70,Scanner A
5.31,5.29,imu,531,0,58,Scanner A
5.32,5.3,imu,532,0,91,Scanner A
5.33,5.31,imu,533,0,156,Scanner A
5.34,5.32,imu,534,0,125,Scanner A
5.35,5.33,encoder,107,0,158,Scanner A
5.35,5.33,imu,535,0,95,Scanner A
5.35,5.33,motor,107,0,91,Scanner A
5.36,5.34,imu,536,0,131,Scanner A
5.37,5.35,imu,537,0,83,Scanner A
5.38,5.36,imu,538,0,121,Scanner A
5.39,5.37,imu,539,0,58,Scanner A
5.4,5.38,encoder,108,0,54,Scanner A
5.4,5.38,imu,540,0,157,Scanner A
5.4,5.38,motor,108,0,111,Scanner A
5.41,5.39,imu,541,0,126,Scanner A
5.42,5.4,imu,542,0,94,Scanner A
5.43,5.41,imu,543,0,81,Scanner A
5.44,5.42,imu,544,0,50,Scanner A
5.45,5.43,encoder,109,0,80,Scanner A
5.45,5.43,imu,545,0,70,Scanner A
5.45,5.43,motor,109,0,153,Scanner A
5.46,5.44,imu,546,0,62,Scanner A
5.47,5.45,imu,547,0,158,Scanner A
5.48,5.46,imu,548,0,84,Scanner A
5.49,5.47,imu,549,0,127,Scanner A
5.5,5.48,encoder,110,0,60,Scanner A
5.5,5.48,imu,550,0,124,Scanner A
5.5,5.48,motor,110,0,118,Scanner A
5.51,5.49,imu,551,0,121,Scanner A
5.52,5.5,imu,552,0,85,Scanner A
5.53,5.51,imu,553,0,67,Scanner A
5.54,5.52,imu,554,0,73,Scanner A
5.55,5.53,encoder,111,0,48,Scanner A
5.55,5.53,imu,555,0,142,Scanner A
5.55,5.53,motor,111,0,157,Scanner A
5.56,5.54,imu,556,0,141,Scanner A
5.57,5.55,imu,557,0,129,Scanner A
5.58,5.56,imu,558,0,80,Scanner A
5.59,5.57,imu,559,0,104,Scanner A
5.6,5.58,encoder,112,0,77,Scanner A
5.6,5.58,imu,560,0,141,Scanner A
5.6,5.58,motor,112,0,103,Scanner A
5.61,5.59,imu,561,0,127,Scanner A
5.62,5.6,imu,562,0,147,Scanner A
5.63,5.61,imu,563,0,149,Scanner A
5.64,5.62,imu,564,0,62,Scanner A
5.65,5.63,encoder,113,0,89,Scanner A
5.65,5.63,imu,565,0,77,Scanner A
5.65,5.63,motor,113,0,93,Scanner A
5.66,5.64,imu,566,0,107,Scanner A
5.67,5.65,imu,567,0,75,Scanner A
5.68,5.66,imu,568,0,153,Scanner A
5.69,5.67,imu,569,0,58,Scanner A
5.7,5.68,encoder,114,0,131,Scanner A
5.7,5.68,imu,570,0,133,Scanner A
5.7,5.68,motor,114,0,60,Scanner A
5.71,5.69,imu,571,0,111,Scanner A
5.72,5.7,imu,572,0,92,Scanner A
5.73,5.71,imu,573,0,64,Scanner A
5.74,5.72,imu,574,0,159,Scanner A
5.75,5.73,encoder,115,0,67,Scanner A
5.75,5.73,imu,575,0,58,Scanner A
5.75,5.73,motor,115,0,56,Scanner A
5.76,5.74,imu,576,0,138,Scanner A
5.77,5.75,imu,577,0,148,Scanner A
5.78,5.76,imu,578,0,122,Scanner A
5.79,5.77,imu,579,0,91,Scanner A
5.8,5.78,encoder,116,0,131,Scanner A
5.8,5.78,imu,580,0,89,Scanner A
5.8,5.78,motor,116,0,77,Scanner A
5.81,5.79,imu,581,0,58,Scanner A
5.82,5.8,imu,582,0,66,Scanner A
5.83,5.81,imu,583,0,147,Scanner A
5.84,5.82,imu,584,0,94,Scanner A
5.85,5.83,encoder,117,0,89,Scanner A
5.85,5.83,imu,585,0,95,Scanner A
5.85,5.83,motor,117,0,48,Scanner A
5.86,5.84,imu,586,0,63,Scanner A
5.87,5.85,imu,587,0,58,Scanner A
5.88,5.86,imu,588,0,117,Scanner A
5.89,5.87,imu,589,0,117,Scanner A
5.9,5.88,encoder,118,0,83,Scanner A
5.9,5.88,imu,590,0,146,Scanner A
5.9,5.88,motor,118,0,81,Scanner A
5.91,5.89,imu,591,0,58,Scanner A
5.92,5.9,imu,592,0,125,Scanner A
5.93,5.91,imu,593,0,134,Scanner A
5.94,5.92,imu,594,0,49,Scanner A
5.95,5.93,encoder,119,0,109,Scanner A
5.95,5.93,imu,595,0,53,Scanner A
5.95,5.93,motor,119,0,61,Scanner A
5.96,5.94,imu,596,0,96,Scanner A
5.97,5.95,imu,597,0,50,Scanner A
5.98,5.96,imu,598,0,113,Scanner A
5.99,5.97,imu,599,0,85,Scanner A
6.0,5.98,encoder,120,0,51,Scanner A
6.0,5.98,imu,600,0,59,Scanner A
6.0,5.98,motor,120,0,160,Scanner A
6.01,5.99,imu,601,0,97,Scanner A
6.02,6.0,imu,602,0,54,Scanner A
6.03,6.01,imu,603,0,68,Scanner A
6.04,6.02,imu,604,0,124,Scanner A
6.05,6.03,encoder,121,0,59,Scanner A
6.05,6.03,imu,605,0,85,Scanner A
6.05,6.03,motor,121,0,130,Scanner A
6.06,6.04,imu,606,0,149,Scanner A
6.07,6.05,imu,607,0,153,Scanner A
6.08,6.06,imu,608,0,100,Scanner A
6.09,6.07,imu,609,0,50,Scanner A
6.1,6.08,encoder,122,0,115,Scanner A
6.1,6.08,imu,610,0,136,Scanner A
6.1,6.08,motor,122,0,132,Scanner A
6.11,6.09,imu,611,0,149,Scanner A
6.12,6.1,imu,612,0,81,Scanner A
6.13,6.11,imu,613,0,57,Scanner A
6.14,6.12,imu,614,0,79,Scanner A
6.15,6.13,encoder,123,0,84,Scanner A
6.15,6.13,imu,615,0,129,Scanner A
6.15,6.13,motor,123,0,152,Scanner A
6.16,6.14,imu,616,0,72,Scanner A
6.17,6.15,imu,617,0,157,Scanner A
6.18,6.16,imu,618,0,71,Scanner A
6.19,6.17,imu,619,0,141,Scanner A
6.2,6.18,encoder,124,0,118,Scanner A
6.2,6.18,imu,620,0,56,Scanner A
6.2,6.18,motor,124,0,87,Scanner A
6.21,6.19,imu,621,0,92,Scanner A
6.22,6.2,imu,622,0,147,Scanner A
6.23,6.21,imu,623,0,66,Scanner A
6.24,6.22,imu,624,0,121,Scanner A
6.25,6.23,encoder,125,0,112,Scanner A
6.25,6.23,imu,625,0,143,Scanner A
6.25,6.23,motor,125,0,130,Scanner A
6.26,6.24,imu,626,0,91,Scanner A
6.27,6.25,imu,627,0,115,Scanner A
6.28,6.26,imu,628,0,144,Scanner A
6.29,6.27,imu,629,0,90,Scanner A
6.3,6.28,encoder,126,0,114,Scanner A
6.3,6.28,imu,630,0,158,Scanner A
6.3,6.28,motor,126,0,57,Scanner A
6.31,6.29,imu,631,0,131,Scanner A
6.32,6.3,imu,632,0,105,Scanner A
6.33,6.31,imu,633,0,126,Scanner A
6.34,6.32,imu,634,0,133,Scanner A
6.35,6.33,encoder,127,0,94,Scanner A
6.35,6.33,imu,635,0,95,Scanner A
6.35,6.33,motor,127,0,54,Scanner A
6.36,6.34,imu,636,0,151,Scanner A
6.37,6.35,imu,637,0,137,Scanner A
6.38,6.36,imu,638,0,134,Scanner A
6.39,6.37,imu,639,0,53,Scanner A
6.4,6.38,encoder,128,0,55,Scanner A
6.4,6.38,imu,640,0,80,Scanner A
6.4,6.38,motor,128,0,67,Scanner A
6.41,6.39,imu,641,0,120,Scanner A
6.42,6.4,imu,642,0,53,Scanner A
6.43,6.41,imu,643,0,48,Scanner A
6.44,6.42,imu,644,0,106,Scanner A
6.45,6.43,encoder,129,0,144,Scanner A
6.45,6.43,imu,645,0,77,Scanner A
6.45,6.43,motor,129,0,92,Scanner A
6.46,6.44,imu,646,0,133,Scanner A
6.47,6.45,imu,647,0,65,Scanner A
6.48,6.46,imu,648,0,71,Scanner A
6.49,6.47,imu,649,0,157,Scanner A
6.5,6.48,encoder,130,0,125,Scanner A
6.5,6.48,imu,650,0,48,Scanner A
6.5,6.48,motor,130,0,84,Scanner A
6.51,6.49,imu,651,0,134,Scanner A
6.52,6.5,imu,652,0,146,Scanner A
6.53,6.51,imu,653,0,57,Scanner A
6.54,6.52,imu,654,0,112,Scanner A
6.55,6.53,encoder,131,0,89,Scanner A
6.55,6.53,imu,655,0,72,Scanner A
6.55,6.53,motor,131,0,114,Scanner A
6.56,6.54,imu,656,0,112,Scanner A
6.57,6.55,imu,657,0,118,Scanner A
6.58,6.56,imu,658,0,150,Scanner A
6.59,6.57,imu,659,0,131,Scanner A
6.6,6.58,encoder,132,0,125,Scanner A
6.6,6.58,imu,660,0,124,Scanner A
6.6,6.58,motor,132,0,76,Scanner A
6.61,6.59,imu,661,0,70,Scanner A
6.62,6.6,imu,662,0,121,Scanner A
6.63,6.61,imu,663,0,135,Scanner A
6.64,6.62,imu,664,0,148,Scanner A
6.65,6.63,encoder,133,0,105,Scanner A
6.65,6.63,imu,665,0,132,Scanner A
6.65,6.63,motor,133,0,138,Scanner A
6.66,6.64,imu,666,0,75,Scanner A
6.67,6.65,imu,667,0,122,Scanner A
6.68,6.66,imu,668,0,96,Scanner A
6.69,6.67,imu,669,0,88,Scanner A
6.7,6.68,encoder,134,0,57,Scanner A
6.7,6.68,imu,670,0,153,Scanner A
6.7,6.68,motor,134,0,132,Scanner A
6.71,6.69,imu,671,0,122,Scanner A
6.72,6.7,imu,672,0,126,Scanner A
6.73,6.71,imu,673,0,55,Scanner A
6.74,6.72,imu,674,0,145,Scanner A
6.75,6.73,encoder,135,0,70,Scanner A
6.75,6.73,imu,675,0,80,Scanner A
6.75,6.73,motor,135,0,154,Scanner A
6.76,6.74,imu,676,0,115,Scanner A
6.77,6.75,imu,677,0,134,Scanner A
6.78,6.76,imu,678,0,97,Scanner A
6.79,6.77,imu,679,0,103,Scanner A
6.8,6.78,encoder,136,0,109,Scanner A
6.8,6.78,imu,680,0,135,Scanner A
6.8,6.78,motor,136,0,84,Scanner A
6.81,6.79,imu,681,0,90,Scanner A
6.82,6.8,imu,682,0,140,Scanner A
6.83,6.81,imu,683,0,59,Scanner A
6.84,6.82,imu,684,0,48,Scanner A
6.85,6.83,encoder,137,0,102,Scanner A
6.85,6.83,imu,685,0,52,Scanner A
6.85,6.83,motor,137,0,67,Scanner A
6.86,6.84,imu,686,0,151,Scanner A
6.87,6.85,imu,687,0,124,Scanner A
6.88,6.86,imu,688,0,98,Scanner A
6.89,6.87,imu,689,0,138,Scanner A
6.9,6.88,encoder,138,0,137,Scanner A
6.9,6.88,imu,690,0,131,Scanner A
6.9,6.88,motor,138,0,128,Scanner A
6.91,6.89,imu,691,0,77,Scanner A
6.92,6.9,imu,692,0,156,Scanner A
6.93,6.91,imu,693,0,107,Scanner A
6.94,6.92,imu,694,0,113,Scanner A
6.95,6.93,encoder,139,0,127,Scanner A
6.95,6.93,imu,695,0,63,Scanner A
6.95,6.93,motor,139,0,107,Scanner A
6.96,6.94,imu,696,0,79,Scanner A
6.97,6.95,imu,697,0,76,Scanner A
6.98,6.96,imu,698,0,131,Scanner A
6.99,6.97,imu,699,0,73,Scanner A
7.0,6.98,encoder,140,0,67,Scanner A
7.0,6.98,imu,700,0,63,Scanner A
7.0,6.98,motor,140,0,78,Scanner A
7.01,6.99,imu,701,0,105,Scanner A
7.02,7.0,imu,702,0,97,Scanner A
7.03,7.01,imu,703,0,97,Scanner A
7.04,7.02,imu,704,0,83,Scanner A
7.05,7.03,encoder,141,0,133,Scanner A
7.05,7.03,imu,705,0,99,Scanner A
7.05,7.03,motor,141,0,148,Scanner A
7.06,7.04,imu,706,0,71,Scanner A
7.07,7.05,imu,707,0,67,Scanner A
7.08,7.06,imu,708,0,108,Scanner A
7.09,7.07,imu,709,0,128,Scanner A
7.1,7.08,encoder,142,0,120,Scanner A
7.1,7.08,imu,710,0,65,Scanner A
7.1,7.08,motor,142,0,57,Scanner A
7.11,7.09,imu,711,0,137,Scanner A
7.12,7.1,imu,712,0,146,Scanner A
7.13,7.11,imu,713,0,140,Scanner A
7.14,7.12,imu,714,0,88,Scanner A
7.15,7.13,encoder,143,0,63,Scanner A
7.15,7.13,imu,715,0,137,Scanner A
7.15,7.13,motor,143,0,142,Scanner A
7.16,7.14,imu,716,0,141,Scanner A
7.17,7.15,imu,717,0,54,Scanner A
7.18,7.16,imu,718,0,153,Scanner A
7.19,7.17,imu,719,0,51,Scanner A
7.2,7.18,encoder,144,0,136,Scanner A
7.2,7.18,imu,720,0,103,Scanner A
7.2,7.18,motor,144,0,86,Scanner A
7.21,7.19,imu,721,0,119,Scanner A
7.22,7.2,imu,722,0,87,Scanner A
7.23,7.21,imu,723,0,86,Scanner A
7.24,7.22,imu,724,0,126,Scanner A
7.25,7.23,encoder,145,0,148,Scanner A
7.25,7.23,imu,725,0,104,Scanner A
7.25,7.23,motor,145,0,137,Scanner A
7.26,7.24,imu,726,0,153,Scanner A
7.27,7.25,imu,727,0,77,Scanner A
7.28,7.26,imu,728,0,115,Scanner A
7.29,7.27,imu,729,0,150,Scanner A
7.3,7.28,encoder,146,0,90,Scanner A
7.3,7.28,imu,730,0,125,Scanner A
7.3,7.28,motor,146,0,105,Scanner A
7.31,7.29,imu,731,0,153,Scanner A
7.32,7.3,imu,732,0,142,Scanner A
7.33,7.31,imu,733,0,148,Scanner A
7.34,7.32,imu,734,0,65,Scanner A
7.35,7.33,encoder,147,0,80,Scanner A
7.35,7.33,imu,735,0,115,Scanner A
7.35,7.33,motor,147,0,48,Scanner A
7.36,7.34,imu,736,0,53,Scanner A
7.37,7.35,imu,737,0,68,Scanner A
7.38,7.36,imu,738,0,137,Scanner A
7.39,7.37,imu,739,0,141,Scanner A
7.4,7.38,encoder,148,0,49,Scanner A
7.4,7.38,imu,740,0,128,Scanner A
7.4,7.38,motor,148,0,50,Scanner A
7.41,7.39,imu,741,0,139,Scanner A
7.42,7.4,imu,742,0,85,Scanner A
7.43,7.41,imu,743,0,143,Scanner A
7.44,7.42,imu,744,0,104,Scanner A
7.45,7.43,encoder,149,0,87,Scanner A
7.45,7.43,imu,745,0,91,Scanner A
7.45,7.43,motor,149,0,104,Scanner A
7.46,7.44,imu,746,0,133,Scanner A
7.47,7.45,imu,747,0,75,Scanner A
7.48,7.46,imu,748,0,73,Scanner A
7.49,7.47,imu,749,0,61,Scanner A
7.5,7.48,encoder,150,0,87,Scanner A
7.5,7.48,imu,750,0,79,Scanner A
7.5,7.48,motor,150,0,96,Scanner A
7.51,7.49,imu,751,0,99,Scanner A
7.52,7.5,imu,752,0,137,Scanner A
7.53,7.51,imu,753,0,81,Scanner A
7.54,7.52,imu,754,0,148,Scanner A
7.55,7.53,encoder,151,0,89,Scanner A
7.55,7.53,imu,755,0,119,Scanner A
7.55,7.53,motor,151,0,105,Scanner A
7.56,7.54,imu,756,0,133,Scanner A
7.57,7.55,imu,757,0,123,Scanner A
7.58,7.56,imu,758,0,139,Scanner A
7.59,7.57,imu,759,0,145,Scanner A
7.6,7.58,encoder,152,0,80,Scanner A
7.6,7.58,imu,760,0,107,Scanner A
7.6,7.58,motor,152,0,154,Scanner A
7.61,7.59,imu,761,0,158,Scanner A
7.62,7.6,imu,762,0,52,Scanner A
7.63,7.61,imu,763,0,69,Scanner A
7.64,7.62,imu,764,0,114,Scanner A
7.65,7.63,encoder,153,0,76,Scanner A
7.65,7.63,imu,765,0,88,Scanner A
7.65,7.63,motor,153,0,117,Scanner A
7.66,7.64,imu,766,0,65,Scanner A
7.67,7.65,imu,767,0,124,Scanner A
7.68,7.66,imu,768,0,144,Scanner A
7.69,7.67,imu,769,0,119,Scanner A
7.7,7.68,encoder,154,0,156,Scanner A
7.7,7.68,imu,770,0,119,Scanner A
7.7,7.68,motor,154,0,116,Scanner A
7.71,7.69,imu,771,0,90,Scanner A
7.72,7.7,imu,772,0,74,Scanner A
7.73,7.71,imu,773,0,123,Scanner A
7.74,7.72,imu,774,0,95,Scanner A
7.75,7.73,encoder,155,0,68,Scanner A
7.75,7.73,imu,775,0,124,Scanner A
7.75,7.73,motor,155,0,89,Scanner A
7.76,7.74,imu,776,0,106,Scanner A
7.77,7.75,imu,777,0,132,Scanner A
7.78,7.76,imu,778,0,66,Scanner A
7.79,7.77,imu,779,0,121,Scanner A
7.8,7.78,encoder,156,0,94,Scanner A
7.8,7.78,imu,780,0,119,Scanner A
7.8,7.78,motor,156,0,62,Scanner A
7.81,7.79,imu,781,0,76,Scanner A
7.82,7.8,imu,782,0,49,Scanner A
7.83,7.81,imu,783,0,158,Scanner A
7.84,7.82,imu,784,0,150,Scanner A
7.85,7.83,encoder,157,0,104,Scanner A
7.85,7.83,imu,785,0,96,Scanner A
7.85,7.83,motor,157,0,145,Scanner A
7.86,7.84,imu,786,0,57,Scanner A
7.87,7.85,imu,787,0,51,Scanner A
7.88,7.86,imu,788,0,158,Scanner A
7.89,7.87,imu,789,0,125,Scanner A
7.9,7.88,encoder,158,0,56,Scanner A
7.9,7.88,imu,790,0,54,Scanner A
7.9,7.88,motor,158,0,70,Scanner A
7.91,7.89,imu,791,0,159,Scanner A
7.92,7.9,imu,792,0,141,Scanner A
7.93,7.91,imu,793,0,119,Scanner A
7.94,7.92,imu,794,0,99,Scanner A
7.95,7.93,encoder,159,0,150,Scanner A
7.95,7.93,imu,795,0,58,Scanner A
7.95,7.93,motor,159,0,145,Scanner A
7.96,7.94,imu,796,0,127,Scanner A
7.97,7.95,imu,797,0,140,Scanner A
7.98,7.96,imu,798,0,148,Scanner A
7.99,7.97,imu,799,0,126,Scanner A
8.0,7.98,encoder,160,0,141,Scanner A
8.0,7.98,imu,800,0,121,Scanner A
8.0,7.98,motor,160,0,54,Scanner A
8.01,7.99,imu,801,0,98,Scanner A
8.02,8.0,imu,802,0,61,Scanner A
8.03,8.01,imu,803,0,60,Scanner A
8.04,8.02,imu,804,0,67,Scanner A
8.05,8.03,encoder,161,0,124,Scanner A
8.05,8.03,imu,805,0,51,Scanner A
8.05,8.03,motor,161,0,83,Scanner A
8.06,8.04,imu,806,0,110,Scanner A
8.07,8.05,imu,807,0,69,Scanner A
8.08,8.06,imu,808,0,127,Scanner A
8.09,8.07,imu,809,0,154,Scanner A
8.1,8.08,encoder,162,0,61,Scanner A
8.1,8.08,imu,810,0,122,Scanner A
8.1,8.08,motor,162,0,91,Scanner A
8.11,8.09,imu,811,0,135,Scanner A
8.12,8.1,imu,812,0,134,Scanner A
8.13,8.11,imu,813,0,112,Scanner A
8.14,8.12,imu,814,0,132,Scanner A
8.15,8.13,encoder,163,0,140,Scanner A
8.15,8.13,imu,815,0,49,Scanner A
8.15,8.13,motor,163,0,79,Scanner A
8.16,8.14,imu,816,0,103,Scanner A
8.17,8.15,imu,817,0,146,Scanner A
8.18,8.16,imu,818,0,112,Scanner A
8.19,8.17,imu,819,0,121,Scanner A
8.2,8.18,encoder,164,0,121,Scanner A
8.2,8.18,imu,820,0,77,Scanner A
8.2,8.18,motor,164,0,101,Scanner A
8.21,8.19,imu,821,0,160,Scanner A
8.22,8.2,imu,822,0,96,Scanner A
8.23,8.21,imu,823,0,143,Scanner A
8.24,8.22,imu,824,0,71,Scanner A
8.25,8.23,encoder,165,0,111,Scanner A
8.25,8.23,imu,825,0,69,Scanner A
8.25,8.23,motor,165,0,130,Scanner A
8.26,8.24,imu,826,0,149,Scanner A
8.27,8.25,imu,827,0,134,Scanner A
8.28,8.26,imu,828,0,76,Scanner A
8.29,8.27,imu,829,0,144,Scanner A
8.3,8.28,encoder,166,0,57,Scanner A
8.3,8.28,imu,830,0,118,Scanner A
8.3,8.28,motor,166,0,110,Scanner A
8.31,8.29,imu,831,0,152,Scanner A
8.32,8.3,imu,832,0,98,Scanner A
8.33,8.31,imu,833,0,64,Scanner A
8.34,8.32,imu,834,0,111,Scanner A
8.35,8.33,encoder,167,0,126,Scanner A
8.35,8.33,imu,835,0,71,Scanner A
8.35,8.33,motor,167,0,85,Scanner A
8.36,8.34,imu,836,0,71,Scanner A
8.37,8.35,imu,837,0,81,Scanner A
8.38,8.36,imu,838,0,69,Scanner A
8.39,8.37,imu,839,0,150,Scanner A
8.4,8.38,encoder,168,0,89,Scanner A
8.4,8.38,imu,840,0,89,Scanner A
8.4,8.38,motor,168,0,116,Scanner A
8.41,8.39,imu,841,0,78,Scanner A
8.42,8.4,imu,842,0,82,Scanner A
8.43,8.41,imu,843,0,144,Scanner A
8.44,8.42,imu,844,0,60,Scanner A
8.45,8.43,encoder,169,0,126,Scanner A
8.45,8.43,imu,845,0,124,Scanner A
8.45,8.43,motor,169,0,138,Scanner A
8.46,8.44,imu,846,0,61,Scanner A
8.47,8.45,imu,847,0,140,Scanner A
8.48,8.46,imu,848,0,123,Scanner A
8.49,8.47,imu,849,0,157,Scanner A
8.5,8.48,encoder,170,0,79,Scanner A
8.5,8.48,imu,850,0,139,Scanner A
8.5,5.1,lidar,51,101626,1855526,Scanner A
8.5,8.48,motor,170,0,102,Scanner A
8.51,8.49,imu,851,0,143,Scanner A
8.51,5.2,lidar,52,98461,1837343,Scanner A
8.52,8.5,imu,852,0,61,Scanner A
8.52,5.3,lidar,53,101213,1850191,Scanner A
8.53,8.51,imu,853,0,100,Scanner A
8.53,5.4,lidar,54,100657,1833630,Scanner A
8.54,8.52,imu,854,0,68,Scanner A
8.55,8.53,encoder,171,0,149,Scanner A
8.55,8.53,imu,855,0,107,Scanner A
8.55,8.53,motor,171,0,114,Scanner A
8.56,8.54,imu,856,0,100,Scanner A
8.57,8.55,imu,857,0,63,Scanner A
8.58,8.56,imu,858,0,108,Scanner A
8.59,8.57,imu,859,0,73,Scanner A
8.6,8.58,encoder,172,0,87,Scanner A
8.6,8.58,imu,860,0,88,Scanner A
8.6,8.58,motor,172,0,127,Scanner A
8.61,8.59,imu,861,0,145,Scanner A
8.62,8.6,imu,862,0,72,Scanner A
8.63,8.61,imu,863,0,69,Scanner A
8.64,8.62,imu,864,0,96,Scanner A
8.65,8.63,encoder,173,0,142,Scanner A
8.65,8.63,imu,865,0,137,Scanner A
8.65,8.63,motor,173,0,68,Scanner A
8.66,8.64,imu,866,0,145,Scanner A
8.67,8.65,imu,867,0,48,Scanner A
8.68,8.66,imu,868,0,149,Scanner A
8.69,8.67,imu,869,0,87,Scanner A
8.7,8.68,encoder,174,0,48,Scanner A
8.7,8.68,imu,870,0,147,Scanner A
8.7,8.68,motor,174,0,160,Scanner A
8.71,8.69,imu,871,0,85,Scanner A
8.72,8.7,imu,872,0,104,Scanner A
8.73,8.71,imu,873,0,151,Scanner A
8.74,8.72,imu,874,0,131,Scanner A
8.75,8.73,encoder,175,0,105,Scanner A
8.75,8.73,imu,875,0,127,Scanner A
8.75,8.73,motor,175,0,121,Scanner A
8.76,8.74,imu,876,0,117,Scanner A
8.77,8.75,imu,877,0,86,Scanner A
8.78,8.76,imu,878,0,52,Scanner A
8.79,8.77,imu,879,0,87,Scanner A
8.8,8.78,encoder,176,0,106,Scanner A
8.8,8.78,imu,880,0,153,Scanner A
8.8,8.78,motor,176,0,117,Scanner A
8.81,8.79,imu,881,0,86,Scanner A
8.82,8.8,imu,882,0,73,Scanner A
8.83,8.81,imu,883,0,150,Scanner A
8.84,8.82,imu,884,0,159,Scanner A
8.85,8.83,encoder,177,0,156,Scanner A
8.85,8.83,imu,885,0,74,Scanner A
8.85,8.83,motor,177,0,135,Scanner A
8.86,8.84,imu,886,0,91,Scanner A
8.87,8.85,imu,887,0,102,Scanner A
8.88,8.86,imu,888,0,134,Scanner A
8.89,8.87,imu,889,0,72,Scanner A
8.9,8.88,encoder,178,0,105,Scanner A
8.9,8.88,imu,890,0,51,Scanner A
8.9,8.88,lidar,55,100049,1808879,Scanner A
8.9,8.88,motor,178,0,117,Scanner A
8.91,8.89,imu,891,0,82,Scanner A
8.92,8.9,imu,892,0,103,Scanner A
8.93,8.91,imu,893,0,142,Scanner A
8.94,8.92,imu,894,0,92,Scanner A
8.95,8.93,encoder,179,0,136,Scanner A
8.95,8.93,imu,895,0,64,Scanner A
8.95,8.93,motor,179,0,78,Scanner A
8.96,8.94,imu,896,0,85,Scanner A
8.97,8.95,imu,897,0,156,Scanner A
8.98,8.96,imu,898,0,125,Scanner A
8.99,8.97,imu,899,0,55,Scanner A
9.0,8.98,encoder,180,0,56,Scanner A
9.0,8.98,imu,900,0,120,Scanner A
9.0,8.98,lidar,56,100451,1817958,Scanner A
9.0,8.98,motor,180,0,126,Scanner A
9.01,8.99,imu,901,0,90,Scanner A
9.02,9.0,imu,902,0,143,Scanner A
9.03,9.01,imu,903,0,53,Scanner A
9.04,9.02,imu,904,0,85,Scanner A
9.05,9.03,encoder,181,0,146,Scanner A
9.05,9.03,imu,905,0,78,Scanner A
9.05,9.03,motor,181,0,105,Scanner A
9.06,9.04,imu,906,0,91,Scanner A
9.07,9.05,imu,907,0,131,Scanner A
9.08,9.06,imu,908,0,139,Scanner A
9.09,9.07,imu,909,0,90,Scanner A
9.1,9.08,encoder,182,0,74,Scanner A
9.1,9.08,imu,910,0,135,Scanner A
9.1,9.08,lidar,57,98286,1772872,Scanner A
9.1,9.08,motor,182,0,63,Scanner A
9.11,9.09,imu,911,0,70,Scanner A
9.12,9.1,imu,912,0,53,Scanner A
9.13,9.11,imu,913,0,94,Scanner A
9.14,9.12,imu,914,0,83,Scanner A
9.15,9.13,encoder,183,0,73,Scanner A
9.15,9.13,imu,915,0,122,Scanner A
9.15,9.13,motor,183,0,56,Scanner A
9.16,9.14,imu,916,0,154,Scanner A
9.17,9.15,imu,917,0,123,Scanner A
9.18,9.16,imu,918,0,109,Scanner A
9.19,9.17,imu,919,0,54,Scanner A
9.2,9.18,encoder,184,0,59,Scanner A
9.2,9.18,imu,920,0,150,Scanner A
9.2,9.18,lidar,58,99813,1893803,Scanner A
9.2,9.18,motor,184,0,137,Scanner A
9.21,9.19,imu,921,0,120,Scanner A
9.22,9.2,imu,922,0,130,Scanner A
9.23,9.21,imu,923,0,80,Scanner A
9.24,9.22,imu,924,0,106,Scanner A
9.25,9.23,encoder,185,0,58,Scanner A
9.25,9.23,imu,925,0,105,Scanner A
9.25,9.23,motor,185,0,72,Scanner A
9.26,9.24,imu,926,0,136,Scanner A
9.27,9.25,imu,927,0,74,Scanner A
9.28,9.26,imu,928,0,132,Scanner A
9.29,9.27,imu,929,0,146,Scanner A
9.3,9.28,encoder,186,0,72,Scanner A
9.3,9.28,imu,930,0,150,Scanner A
9.3,9.28,lidar,59,101435,1873553,Scanner A
9.3,9.28,motor,186,0,143,Scanner A
9.31,9.29,imu,931,0,80,Scanner A
9.32,9.3,imu,932,0,107,Scanner A
9.33,9.31,imu,933,0,71,Scanner A
9.34,9.32,imu,934,0,134,Scanner A
9.35,9.33,encoder,187,0,106,Scanner A
9.35,9.33,imu,935,0,77,Scanner A
9.35,9.33,motor,187,0,117,Scanner A
9.36,9.34,imu,936,0,50,Scanner A
9.37,9.35,imu,937,0,147,Scanner A
9.38,9.36,imu,938,0,107,Scanner A
9.39,9.37,imu,939,0,154,Scanner A
9.4,9.38,encoder,188,0,153,Scanner A
9.4,9.38,imu,940,0,114,Scanner A
9.4,9.38,lidar,60,99450,1762710,Scanner A
9.4,9.38,motor,188,0,51,Scanner A
9.41,9.39,imu,941,0,111,Scanner A
9.42,9.4,imu,942,0,128,Scanner A
9.43,9.41,imu,943,0,146,Scanner A
9.44,9.42,imu,944,0,158,Scanner A
9.45,9.43,encoder,189,0,145,Scanner A
9.45,9.43,imu,945,0,55,Scanner A
9.45,9.43,motor,189,0,141,Scanner A
9.46,9.44,imu,946,0,143,Scanner A
9.47,9.45,imu,947,0,58,Scanner A
9.48,9.46,imu,948,0,99,Scanner A
9.49,9.47,imu,949,0,139,Scanner A
9.5,9.48,encoder,190,0,146,Scanner A
9.5,9.48,imu,950,0,84,Scanner A
9.5,9.48,lidar,61,100015,1864569,Scanner A
9.5,9.48,motor,190,0,127,Scanner A
9.51,9.49,imu,951,0,108,Scanner A
9.52,9.5,imu,952,0,160,Scanner A
9.53,9.51,imu,953,0,160,Scanner A
9.54,9.52,imu,954,0,103,Scanner A
9.55,9.53,encoder,191,0,92,Scanner A
9.55,9.53,imu,955,0,75,Scanner A
9.55,9.53,motor,191,0,145,Scanner A
9.56,9.54,imu,956,0,82,Scanner A
9.57,9.55,imu,957,0,68,Scanner A
9.58,9.56,imu,958,0,135,Scanner A
9.59,9.57,imu,959,0,69,Scanner A
9.6,9.58,encoder,192,0,116,Scanner A
9.6,9.58,imu,960,0,94,Scanner A
9.6,9.58,lidar,62,100177,1819928,Scanner A
9.6,9.58,motor,192,0,98,Scanner A
9.61,9.59,imu,961,0,109,Scanner A
9.62,9.6,imu,962,0,141,Scanner A
9.63,9.61,imu,963,0,82,Scanner A
9.64,9.62,imu,964,0,97,Scanner A
9.65,9.63,encoder,193,0,102,Scanner A
9.65,9.63,imu,965,0,98,Scanner A
9.65,9.63,motor,193,0,142,Scanner A
9.66,9.64,imu,966,0,93,Scanner A
9.67,9.65,imu,967,0,53,Scanner A
9.68,9.66,imu,968,0,50,Scanner A
9.69,9.67,imu,969,0,145,Scanner A
9.7,9.68,encoder,194,0,108,Scanner A
9.7,9.68,imu,970,0,88,Scanner A
9.7,9.68,lidar,63,101454,1865215,Scanner A
9.7,9.68,motor,194,0,125,Scanner A
9.71,9.69,imu,971,0,109,Scanner A
9.72,9.7,imu,972,0,87,Scanner A
9.73,9.71,imu,973,0,106,Scanner A
9.74,9.72,imu,974,0,107,Scanner A
9.75,9.73,encoder,195,0,83,Scanner A
9.75,9.73,imu,975,0,138,Scanner A
9.75,9.73,motor,195,0,56,Scanner A
9.76,9.74,imu,976,0,116,Scanner A
9.77,9.75,imu,977,0,158,Scanner A
9.78,9.76,imu,978,0,56,Scanner A
9.79,9.77,imu,979,0,104,Scanner A
9.8,9.78,encoder,196,0,148,Scanner A
9.8,9.78,imu,980,0,117,Scanner A
9.8,9.78,lidar,64,100091,1871940,Scanner A
9.8,9.78,motor,196,0,126,Scanner A
9.81,9.79,imu,981,0,151,Scanner A
9.82,9.8,imu,982,0,61,Scanner A
9.83,9.81,imu,983,0,134,Scanner A
9.84,9.82,imu,984,0,153,Scanner A
9.85,9.83,encoder,197,0,137,Scanner A
9.85,9.83,imu,985,0,123,Scanner A
9.85,9.83,motor,197,0,70,Scanner A
9.86,9.84,imu,986,0,110,Scanner A
9.87,9.85,imu,987,0,154,Scanner A
9.88,9.86,imu,988,0,82,Scanner A
9.89,9.87,imu,989,0,55,Scanner A
9.9,9.88,encoder,198,0,139,Scanner A
9.9,9.88,imu,990,0,154,Scanner A
9.9,9.88,lidar,65,98843,1830544,Scanner A
9.9,9.88,motor,198,0,152,Scanner A
9.91,9.89,imu,991,0,118,Scanner A
9.92,9.9,imu,992,0,142,Scanner A
9.93,9.91,imu,993,0,119,Scanner A
9.94,9.92,imu,994,0,138,Scanner A
9.95,9.93,encoder,199,0,95,Scanner A
9.95,9.93,imu,995,0,75,Scanner A
9.95,9.93,motor,199,0,96,Scanner A
9.96,9.94,imu,996,0,58,Scanner A
9.97,9.95,imu,997,0,62,Scanner A
9.98,9.96,imu,998,0,86,Scanner A
9.99,9.97,imu,999,0,77,Scanner A
10.0,9.98,encoder,200,0,123,Scanner A
10.0,9.98,imu,1000,0,111,Scanner A
10.0,9.98,lidar,66,101293,1851631,Scanner A
10.0,9.98,motor,200,0,160,Scanner A
10.01,9.99,imu,1001,0,52,Scanner A
10.02,10.0,imu,1002,0,107,Scanner A
10.03,10.01,imu,1003,0,78,Scanner A
10.04,10.02,imu,1004,0,115,Scanner A
10.05,10.03,encoder,201,0,74,Scanner A
10.05,10.03,imu,1005,0,107,Scanner A
10.05,10.03,motor,201,0,96,Scanner A
10.06,10.04,imu,1006,0,139,Scanner A
10.07,10.05,imu,1007,0,130,Scanner A
10.08,10.06,imu,1008,0,85,Scanner A
10.09,10.07,imu,1009,0,70,Scanner A
10.1,10.08,encoder,202,0,116,Scanner A
10.1,10.08,imu,1010,0,160,Scanner A
10.1,10.08,lidar,67,98670,1814259,Scanner A
10.1,10.08,motor,202,0,77,Scanner A
10.11,10.09,imu,1011,0,159,Scanner A
10.12,10.1,imu,1012,0,139,Scanner A
10.13,10.11,imu,1013,0,63,Scanner A
10.14,10.12,imu,1014,0,57,Scanner A
10.15,10.13,encoder,203,0,56,Scanner A
10.15,10.13,imu,1015,0,92,Scanner A
10.15,10.13,motor,203,0,152,Scanner A
10.16,10.14,imu,1016,0,89,Scanner A
10.17,10.15,imu,1017,0,133,Scanner A
10.18,10.16,imu,1018,0,148,Scanner A
10.19,10.17,imu,1019,0,129,Scanner A
10.2,10.18,encoder,204,0,82,Scanner A
10.2,10.18,imu,1020,0,91,Scanner A
10.2,10.18,lidar,68,99352,1759162,Scanner A
10.2,10.18,motor,204,0,75,Scanner A
10.21,10.19,imu,1021,0,85,Scanner A
10.22,10.2,imu,1022,0,140,Scanner A
10.23,10.21,imu,1023,0,103,Scanner A
10.24,10.22,imu,1024,0,92,Scanner A
10.25,10.23,encoder,205,0,99,Scanner A
10.25,10.23,imu,1025,0,121,Scanner A
10.25,10.23,motor,205,0,159,Scanner A
10.26,10.24,imu,1026,0,108,Scanner A
10.27,10.25,imu,1027,0,126,Scanner A
10.28,10.26,imu,1028,0,52,Scanner A
10.29,10.27,imu,1029,0,82,Scanner A
10.3,10.28,encoder,206,0,110,Scanner A
10.3,10.28,imu,1030,0,102,Scanner A
10.3,10.28,lidar,69,101984,1827124,Scanner A
10.3,10.28,motor,206,0,154,Scanner A
10.31,10.29,imu,1031,0,154,Scanner A
10.32,10.3,imu,1032,0,53,Scanner A
10.33,10.31,imu,1033,0,90,Scanner A
10.34,10.32,imu,1034,0,107,Scanner A
10.35,10.33,encoder,207,0,88,Scanner A
10.35,10.33,imu,1035,0,117,Scanner A
10.35,10.33,motor,207,0,132,Scanner A
10.36,10.34,imu,1036,0,150,Scanner A
10.37,10.35,imu,1037,0,153,Scanner A
10.38,10.36,imu,1038,0,157,Scanner A
10.39,10.37,imu,1039,0,157,Scanner A
10.4,10.38,encoder,208,0,114,Scanner A
10.4,10.38,imu,1040,0,124,Scanner A
10.4,10.38,lidar,70,101446,1753100,Scanner A
10.4,10.38,motor,208,0,111,Scanner A
10.41,10.39,imu,1041,0,128,Scanner A
10.42,10.4,imu,1042,0,80,Scanner A
10.43,10.41,imu,1043,0,118,Scanner A
10.44,10.42,imu,1044,0,118,Scanner A
10.45,10.43,encoder,209,0,69,Scanner A
10.45,10.43,imu,1045,0,72,Scanner A
10.45,10.43,motor,209,0,70,Scanner A
10.46,10.44,imu,1046,0,94,Scanner A
10.47,10.45,imu,1047,0,153,Scanner A
10.48,10.46,imu,1048,0,141,Scanner A
10.49,10.47,imu,1049,0,55,Scanner A
10.5,10.48,encoder,210,0,115,Scanner A
10.5,10.48,imu,1050,0,90,Scanner A
10.5,10.48,lidar,71,100287,1776100,Scanner A
10.5,10.48,motor,210,0,89,Scanner A
10.51,10.49,imu,1051,0,91,Scanner A
10.52,10.5,imu,1052,0,65,Scanner A
10.53,10.51,imu,1053,0,75,Scanner A
10.54,10.52,imu,1054,0,116,Scanner A
10.55,10.53,encoder,211,0,73,Scanner A
10.55,10.53,imu,1055,0,143,Scanner A
10.55,10.53,motor,211,0,141,Scanner A
10.56,10.54,imu,1056,0,151,Scanner A
10.57,10.55,imu,1057,0,87,Scanner A
10.58,10.56,imu,1058,0,139,Scanner A
10.59,10.57,imu,1059,0,139,Scanner A
10.6,10.58,encoder,212,0,60,Scanner A
10.6,10.58,imu,1060,0,111,Scanner A
10.6,10.58,lidar,72,99595,1831637,Scanner A
10.6,10.58,motor,212,0,93,Scanner A
10.61,10.59,imu,1061,0,119,Scanner A
10.62,10.6,imu,1062,0,150,Scanner A
10.63,10.61,imu,1063,0,84,Scanner A
10.64,10.62,imu,1064,0,111,Scanner A
10.65,10.63,encoder,213,0,91,Scanner A
10.65,10.63,imu,1065,0,100,Scanner A
10.65,10.63,motor,213,0,122,Scanner A
10.66,10.64,imu,1066,0,141,Scanner A
10.67,10.65,imu,1067,0,158,Scanner A
10.68,10.66,imu,1068,0,109,Scanner A
10.69,10.67,imu,1069,0,139,Scanner A
10.7,10.68,encoder,214,0,124,Scanner A
10.7,10.68,imu,1070,0,160,Scanner A
10.7,10.68,lidar,73,101573,1767456,Scanner A
10.7,10.68,motor,214,0,115,Scanner A
10.71,10.69,imu,1071,0,126,Scanner A
10.72,10.7,imu,1072,0,104,Scanner A
10.73,10.71,imu,1073,0,58,Scanner A
10.74,10.72,imu,1074,0,113,Scanner A
10.75,10.73,encoder,215,0,81,Scanner A
10.75,10.73,imu,1075,0,58,Scanner A
10.75,10.73,motor,215,0,153,Scanner A
10.76,10.74,imu,1076,0,160,Scanner A
10.77,10.75,imu,1077,0,82,Scanner A
10.78,10.76,imu,1078,0,64,Scanner A
10.79,10.77,imu,1079,0,152,Scanner A
10.8,10.78,encoder,216,0,51,Scanner A
10.8,10.78,imu,1080,0,104,Scanner A
10.8,10.78,lidar,74,100731,1755803,Scanner A
10.8,10.78,motor,216,0,63,Scanner A
10.81,10.79,imu,1081,0,50,Scanner A
10.82,10.8,imu,1082,0,123,Scanner A
10.83,10.81,imu,1083,0,107,Scanner A
10.84,10.82,imu,1084,0,94,Scanner A
10.85,10.83,encoder,217,0,101,Scanner A
10.85,10.83,imu,1085,0,51,Scanner A
10.85,10.83,motor,217,0,136,Scanner A
10.86,10.84,imu,1086,0,114,Scanner A
10.87,10.85,imu,1087,0,98,Scanner A
10.88,10.86,imu,1088,0,129,Scanner A
10.89,10.87,imu,1089,0,48,Scanner A
10.9,10.88,encoder,218,0,109,Scanner A
10.9,10.88,imu,1090,0,139,Scanner A
10.9,10.88,lidar,75,101154,1802378,Scanner A
10.9,10.88,motor,218,0,118,Scanner A
10.91,10.89,imu,1091,0,49,Scanner A
10.92,10.9,imu,1092,0,48,Scanner A
10.93,10.91,imu,1093,0,95,Scanner A
10.94,10.92,imu,1094,0,139,Scanner A
10.95,10.93,encoder,219,0,133,Scanner A
10.95,10.93,imu,1095,0,114,Scanner A
10.95,10.93,motor,219,0,125,Scanner A
10.96,10.94,imu,1096,0,97,Scanner A
10.97,10.95,imu,1097,0,158,Scanner A
10.98,10.96,imu,1098,0,101,Scanner A
10.99,10.97,imu,1099,0,147,Scanner A
11.0,10.98,encoder,220,0,140,Scanner A
11.0,10.98,imu,1100,0,137,Scanner A
11.0,10.98,lidar,76,100436,1893404,Scanner A
11.0,10.98,motor,220,0,97,Scanner A
11.01,10.99,imu,1101,0,87,Scanner A
11.02,11.0,imu,1102,0,136,Scanner A
11.03,11.01,imu,1103,0,67,Scanner A
11.04,11.02,imu,1104,0,136,Scanner A
11.05,11.03,encoder,221,0,71,Scanner A
11.05,11.03,imu,1105,0,107,Scanner A
11.05,11.03,motor,221,0,123,Scanner A
11.06,11.04,imu,1106,0,160,Scanner A
11.07,11.05,imu,1107,0,104,Scanner A
11.08,11.06,imu,1108,0,52,Scanner A
11.09,11.07,imu,1109,0,102,Scanner A
11.1,11.08,encoder,222,0,104,Scanner A
11.1,11.08,imu,1110,0,139,Scanner A
11.1,11.08,lidar,77,99197,1780106,Scanner A
11.1,11.08,motor,222,0,129,Scanner A
11.11,11.09,imu,1111,0,57,Scanner A
11.12,11.1,imu,1112,0,137,Scanner A
11.13,11.11,imu,1113,0,139,Scanner A
11.14,11.12,imu,1114,0,70,Scanner A
11.15,11.13,encoder,223,0,136,Scanner A
11.15,11.13,imu,1115,0,78,Scanner A
11.15,11.13,motor,223,0,71,Scanner A
11.16,11.14,imu,1116,0,89,Scanner A
11.17,11.15,imu,1117,0,85,Scanner A
11.18,11.16,imu,1118,0,63,Scanner A
11.19,11.17,imu,1119,0,95,Scanner A
11.2,11.18,encoder,224,0,76,Scanner A
11.2,11.18,imu,1120,0,155,Scanner A
11.2,11.18,lidar,78,98910,1828318,Scanner A
11.2,11.18,motor,224,0,50,Scanner A
11.21,11.19,imu,1121,0,97,Scanner A
11.22,11.2,imu,1122,0,85,Scanner A
11.23,11.21,imu,1123,0,105,Scanner A
11.24,11.22,imu,1124,0,137,Scanner A
11.25,11.23,encoder,225,0,66,Scanner A
11.25,11.23,imu,1125,0,63,Scanner A
11.25,11.23,motor,225,0,110,Scanner A
11.26,11.24,imu,1126,0,148,Scanner A
11.27,11.25,imu,1127,0,133,Scanner A
11.28,11.26,imu,1128,0,139,Scanner A
11.29,11.27,imu,1129,0,98,Scanner A
11.3,11.28,encoder,226,0,78,Scanner A
11.3,11.28,imu,1130,0,124,Scanner A
11.3,11.28,lidar,79,100992,1784362,Scanner A
11.3,11.28,motor,226,0,157,Scanner A
11.31,11.29,imu,1131,0,152,Scanner A
11.32,11.3,imu,1132,0,53,Scanner A
11.33,11.31,imu,1133,0,137,Scanner A
11.34,11.32,imu,1134,0,103,Scanner A
11.35,11.33,encoder,227,0,89,Scanner A
11.35,11.33,imu,1135,0,54,Scanner A
11.35,11.33,motor,227,0,160,Scanner A
11.36,11.34,imu,1136,0,109,Scanner A
11.37,11.35,imu,1137,0,112,Scanner A
11.38,11.36,imu,1138,0,55,Scanner A
11.39,11.37,imu,1139,0,76,Scanner A
11.4,11.38,encoder,228,0,130,Scanner A
11.4,11.38,imu,1140,0,94,Scanner A
11.4,11.38,lidar,80,99327,1854316,Scanner A
11.4,11.38,motor,228,0,109,Scanner A
11.41,11.39,imu,1141,0,107,Scanner A
11.42,11.4,imu,1142,0,123,Scanner A
11.43,11.41,imu,1143,0,110,Scanner A
11.44,11.42,imu,1144,0,90,Scanner A
11.45,11.43,encoder,229,0,68,Scanner A
11.45,11.43,imu,1145,0,75,Scanner A
11.45,11.43,motor,229,0,156,Scanner A
11.46,11.44,imu,1146,0,96,Scanner A
11.47,11.45,imu,1147,0,101,Scanner A
11.48,11.46,imu,1148,0,149,Scanner A
11.49,11.47,imu,1149,0,83,Scanner A
11.5,11.48,encoder,230,0,80,Scanner A
11.5,11.48,imu,1150,0,77,Scanner A
11.5,11.48,lidar,81,99814,1752467,Scanner A
11.5,11.48,motor,230,0,101,Scanner A
11.51,11.49,imu,1151,0,126,Scanner A
11.52,11.5,imu,1152,0,139,Scanner A
11.53,11.51,imu,1153,0,114,Scanner A
11.54,11.52,imu,1154,0,117,Scanner A
11.55,11.53,encoder,231,0,136,Scanner A
11.55,11.53,imu,1155,0,73,Scanner A
11.55,11.53,motor,231,0,77,Scanner A
11.56,11.54,imu,1156,0,149,Scanner A
11.57,11.55,imu,1157,0,155,Scanner A
11.58,11.56,imu,1158,0,48,Scanner A
11.59,11.57,imu,1159,0,109,Scanner A
11.6,11.58,encoder,232,0,93,Scanner A
11.6,11.58,imu,1160,0,152,Scanner A
11.6,11.58,lidar,82,99967,1828795,Scanner A
11.6,11.58,motor,232,0,121,Scanner A
11.61,11.59,imu,1161,0,145,Scanner A
11.62,11.6,imu,1162,0,72,Scanner A
11.63,11.61,imu,1163,0,139,Scanner A
11.64,11.62,imu,1164,0,69,Scanner A
11.65,11.63,encoder,233,0,128,Scanner A
11.65,11.63,imu,1165,0,76,Scanner A
11.65,11.63,motor,233,0,58,Scanner A
11.66,11.64,imu,1166,0,122,Scanner A
11.67,11.65,imu,1167,0,102,Scanner A
11.68,11.66,imu,1168,0,56,Scanner A
11.69,11.67,imu,1169,0,110,Scanner A
11.7,11.68,encoder,234,0,83,Scanner A
11.7,11.68,imu,1170,0,91,Scanner A
11.7,11.68,lidar,83,98125,1862062,Scanner A
11.7,11.68,motor,234,0,136,Scanner A
11.71,11.69,imu,1171,0,76,Scanner A
11.72,11.7,imu,1172,0,91,Scanner A
11.73,11.71,imu,1173,0,136,Scanner A
11.74,11.72,imu,1174,0,95,Scanner A
11.75,11.73,encoder,235,0,88,Scanner A
11.75,11.73,imu,1175,0,82,Scanner A
11.75,11.73,motor,235,0,125,Scanner A
11.76,11.74,imu,1176,0,83,Scanner A
11.77,11.75,imu,1177,0,111,Scanner A
11.78,11.76,imu,1178,0,97,Scanner A
11.79,11.77,imu,1179,0,84,Scanner A
11.8,11.78,encoder,236,0,150,Scanner A
11.8,11.78,imu,1180,0,113,Scanner A
11.8,11.78,lidar,84,100441,1843429,Scanner A
11.8,11.78,motor,236,0,57,Scanner A
11.81,11.79,imu,1181,0,85,Scanner A
11.82,11.8,imu,1182,0,135,Scanner A
11.83,11.81,imu,1183,0,147,Scanner A
11.84,11.82,imu,1184,0,102,Scanner A
11.85,11.83,encoder,237,0,71,Scanner A
11.85,11.83,imu,1185,0,85,Scanner A
11.85,11.83,motor,237,0,79,Scanner A
11.86,11.84,imu,1186,0,57,Scanner A
11.87,11.85,imu,1187,0,51,Scanner A
11.88,11.86,imu,1188,0,148,Scanner A
11.89,11.87,imu,1189,0,91,Scanner A
11.9,11.88,encoder,238,0,146,Scanner A
11.9,11.88,imu,1190,0,57,Scanner A
11.9,11.88,lidar,85,98589,1815351,Scanner A
11.9,11.88,motor,238,0,125,Scanner A
11.91,11.89,imu,1191,0,78,Scanner A
11.92,11.9,imu,1192,0,97,Scanner A
11.93,11.91,imu,1193,0,154,Scanner A
11.94,11.92,imu,1194,0,69,Scanner A
11.95,11.93,encoder,239,0,104,Scanner A
11.95,11.93,imu,1195,0,81,Scanner A
11.95,11.93,motor,239,0,99,Scanner A
11.96,11.94,imu,1196,0,135,Scanner A
11.97,11.95,imu,1197,0,129,Scanner A
11.98,11.96,imu,1198,0,154,Scanner A
11.99,11.97,imu,1199,0,83,Scanner A
12.0,11.98,encoder,240,0,151,Scanner A
12.0,11.98,imu,1200,0,121,Scanner A
12.0,11.98,lidar,86,100817,1899711,Scanner A
12.0,11.98,motor,240,0,98,Scanner A
